PC1,PC2,PC3,PC4,PC5,PC6,NP_CCC
-1.889045415,-2.704760123,0.318173514,0.222702801,-0.160232429,0.152275632,0
-1.791779657,-2.772341449,0.430871919,0.266893029,0.19191383,0.311847644,0
-1.702866838,-2.681004751,0.290275154,0.34742182,0.406550611,0.675316503,0
-2.166787741,-2.508991498,0.001054693,0.108439581,-1.131604282,-0.253990218,1
-2.160979472,-1.891714503,-0.270767646,0.541790756,-0.618087067,1.329138953,1
-1.616256357,-2.666197878,0.257938612,0.207526859,0.257514221,0.202380023,0
-1.636237134,2.878759275,-1.135294669,-2.636701249,-3.033534072,-4.193773023,1
-2.130004824,-2.262164572,-0.548411134,0.594756698,-0.183053897,2.415515589,1
7.328738701,-0.834583111,-0.535122154,-0.550578996,0.469736395,-0.617781111,0
17.27364913,-2.511527331,-3.430488567,-0.090194333,-3.183597991,1.517303394,0
13.38923725,-3.846154184,-2.916887985,-0.700671737,-2.980328945,-0.541397219,0
2.695347585,-0.032901543,0.94610077,-0.922888558,3.508325363,-1.626971219,0
2.614525847,-0.310914462,1.09174764,0.094810679,4.002760305,0.497959636,0
2.641386773,0.002159189,1.765325599,-0.328368551,2.080814571,-0.746154414,0
15.75742963,-0.972038628,-3.294208971,-0.135168001,-2.174102002,1.04657765,0
0.600797923,0.789397514,-1.371579786,-0.405074027,-0.618503047,-0.067350021,1
17.62214881,-0.449208621,-3.944008829,-1.094831007,-5.309791305,-0.979430731,0
15.26409516,-0.541480104,-2.357393163,-0.646452048,-3.595536569,-0.646242121,0
7.328738701,-0.834583111,-0.535122154,-0.550578996,0.469736395,-0.617781111,0
1.37221018,-1.001303485,0.106878993,-0.023452178,2.047622843,0.383131344,0
7.328738701,-0.834583111,-0.535122154,-0.550578996,0.469736395,-0.617781111,0
3.759156776,-1.660210385,1.749638295,-0.817860801,5.037728818,-2.479677036,0
3.923030573,1.125611811,2.198045701,-1.593103371,3.137855096,-4.145931358,0
7.127892207,0.082207767,-0.601897726,-0.546829703,0.854899588,-0.219643083,0
2.155900815,-2.131360779,0.292925313,-0.380113263,3.48287125,-0.386059182,0
3.759156776,-1.660210385,1.749638295,-0.817860801,5.037728818,-2.479677036,0
2.099999018,1.303686928,0.626553387,-0.242160337,3.238040457,0.605709044,0
18.52710581,-2.348342875,-1.45578649,-0.465961927,-1.296214454,0.24101524,0
3.547920326,0.164527888,2.741183864,-0.970538707,2.370303845,-3.307252779,0
3.923030573,1.125611811,2.198045701,-1.593103371,3.137855096,-4.145931358,0
19.17931041,-2.619302069,-2.563990914,-1.731261178,-1.534844708,-2.777290536,0
13.21776579,-1.607273808,-2.503838318,-0.26038338,-1.256936365,0.824706436,0
4.94924168,-0.846192353,-0.387780763,-0.194093753,1.405215165,0.6347719,0
3.605180932,1.651991152,1.316807743,2.939321287,4.477299591,-2.798006337,0
11.93647896,-0.733031191,-0.872929272,-0.568744251,-1.128461863,-0.698561893,0
4.539336505,-1.783605704,0.110421358,-0.443104167,2.178389827,-0.541698177,0
3.735716877,0.021686845,-1.076127125,-0.199379232,-0.113327241,0.187608697,0
8.858943755,-1.015645362,0.22356119,-0.707745251,0.554325216,-1.326383856,0
12.70598402,-0.847470546,-3.552550181,-0.098176038,-4.12654955,1.346768327,0
10.78907448,-0.409347673,-0.941064098,-0.358012266,0.041256906,0.22937576,0
7.328738701,-0.834583111,-0.535122154,-0.550578996,0.469736395,-0.617781111,0
10.78907448,-0.409347673,-0.941064098,-0.358012266,0.041256906,0.22937576,0
7.939216706,0.403273493,0.227467703,-0.618584681,1.077565968,-0.207759876,0
3.899120748,-0.440459817,-0.412872697,-0.127104235,0.701700412,0.471893316,0
3.192161162,1.475400508,2.139488361,-0.191863675,3.051547683,-0.285238527,0
2.930116514,-1.144363641,0.912574479,-0.292934891,4.41751479,-0.526846288,0
15.95457241,-1.552737722,-3.163376804,-0.242152016,-1.947230054,0.800871785,0
1.377944625,0.520609962,-0.095614587,0.069426204,0.978364392,0.353235677,0
15.37703447,-2.81481642,-3.240634561,0.119018896,-1.587222684,2.404167512,0
9.903277363,0.488949844,-1.400540646,-0.686090497,-0.344839627,-0.338348382,0
3.248531618,-1.300973087,2.110820601,-0.581762568,3.828801857,-1.545470309,0
1.4968029,0.551866037,-0.562966717,-0.038299723,1.000702706,0.246398894,0
16.23653662,-0.598724833,-4.212317939,0.325680013,-4.527354568,2.701394624,0
18.99986993,-3.426703741,-1.679831661,-1.119594767,-2.440978212,-2.006077778,0
4.477748076,-1.435341852,0.155002822,-0.523089706,1.450951823,-0.780428917,0
3.022662062,-0.501619577,1.75327924,-0.859488044,4.689183195,-1.510589369,0
3.008933524,-1.968776395,1.713868955,-0.487273255,4.694525304,-1.350989467,0
2.542402346,1.850027621,1.416334306,0.147897735,1.639479406,0.467587923,0
14.80375162,-0.851208423,-5.393947829,0.004813653,-6.010066787,2.057008884,1
0.596578977,-0.221942091,-0.862797025,0.52190624,1.19544861,2.48582565,0
-0.126590649,1.035987132,-1.654202403,0.190440257,-1.228387405,1.629333304,1
2.452941808,1.314336187,0.739973542,-0.58659669,2.847516546,-0.785747425,0
1.373841313,-0.079648231,-0.009844615,0.541910321,2.698045137,2.29849635,0
3.057706436,0.276226277,1.003439095,-1.224928718,3.30923374,-2.74009969,0
2.414209173,1.258187432,0.393571744,-0.419926934,1.703925914,-0.613645728,0
4.751034726,-0.948774635,0.387919475,-0.254188196,2.503225017,-0.182328788,0
4.484996831,-0.157892559,-1.222432657,0.003262544,-0.130702107,0.811429435,0
4.876532448,-0.637404492,-0.546823195,-0.042287062,1.107158152,0.680515423,0
5.901788076,0.29659562,0.176010885,-0.526810874,2.169970352,-0.613287854,0
6.252991011,-1.199890157,0.868228401,-0.444006053,2.769278989,-0.703837667,0
5.695901299,-1.186994619,0.321383258,-0.187216425,2.673784075,-0.015995295,0
12.06144382,-1.902652725,-1.481331572,-0.445462195,0.078873271,-0.103037679,0
11.02665816,-1.799162108,-1.44300716,-0.097025029,0.307147015,0.955597226,0
11.62157858,-0.652397808,-1.962691839,-0.200470086,-2.051923165,0.463659533,0
9.142023723,-1.927689318,-1.415574992,-0.316162133,-0.314226505,0.154389932,0
5.469619032,-0.912724492,-0.09002317,-0.297965694,1.811036476,0.027003732,0
13.88455006,-2.397783617,-2.445046365,-0.392617749,-1.82225097,0.476896696,0
7.328738701,-0.834583111,-0.535122154,-0.550578996,0.469736395,-0.617781111,0
7.939216706,0.403273493,0.227467703,-0.618584681,1.077565968,-0.207759876,0
10.87759722,-0.396714888,-0.360436575,-0.169929776,1.567396608,0.743200113,0
1.819501597,1.10598939,4.998452844,1.308124109,2.572967823,-0.403787318,0
2.086969717,1.59695958,6.209064963,1.907802769,2.357336923,-0.421357967,0
1.588756385,0.6687833,3.204654523,0.404784555,3.138881145,-0.365062081,0
1.92879501,-2.303444255,0.079063092,-0.454245921,3.002728099,-0.57356049,0
1.253043142,-0.724638265,-0.280522934,0.304799538,2.192900018,1.72440248,0
11.75002154,-0.538279651,-1.163011084,-0.878419333,-0.387230422,-1.104127807,0
1.201554307,0.749166866,-0.535547192,0.690821822,1.724771425,2.774662296,0
1.311270328,0.190041079,-0.505428309,0.611172491,1.530001383,2.664985295,0
2.536098935,-1.219949463,1.335020102,-0.282671901,3.851371399,-0.682831835,0
-0.097756675,-1.420302904,-1.344277054,-0.158612309,-0.863952139,0.36806869,1
6.490690983,0.752872733,0.839360359,-0.337022997,1.374881405,0.491583079,0
2.028654666,0.288851689,3.044878447,0.085878083,3.79306409,-0.385100862,0
2.157004011,0.423036658,1.48519251,1.070608684,1.052717241,1.618349951,0
-0.762566486,-1.389376215,0.207884128,0.652188793,2.758471743,2.239966918,0
-0.330465036,-2.264312389,1.425477843,1.125874542,2.064652603,2.226333434,0
4.381085252,-0.656118075,-0.639243085,7.46733876,2.372756345,-1.122050828,0
10.99656216,-2.021122261,-1.677454199,-0.072046383,0.149952765,1.368225258,0
3.813293867,0.487395116,-6.834580623,17.61004687,5.815459671,-5.915427125,0
11.66817813,0.160458666,-1.325806771,-0.136668939,-0.425074013,1.084189307,0
6.502132794,-0.544241654,-1.519386812,0.225017414,0.056074721,1.918465256,0
6.361791215,-1.669210412,-1.30798531,0.419929641,1.012221354,2.436155744,0
14.91284125,-1.566016188,-2.935923769,0.144407604,-1.654535998,2.204424066,0
4.466085099,-1.583777076,-0.961273017,0.418098953,1.513067976,2.353170938,0
3.179956385,1.606098383,-0.628969126,-0.000914419,0.944526472,1.06173685,0
14.66527427,0.087598773,-2.973382493,0.267312056,-4.09341084,2.267960737,0
5.515205483,-1.045612857,2.001348608,-0.930295228,4.395532201,-2.327140895,0
17.41010728,-2.192478847,-1.614920062,-0.974009166,-0.397391029,-0.956573945,0
4.543604517,0.563473795,-0.369503088,-0.449840788,1.602001534,-0.074039915,0
5.686419837,-0.744737874,2.212064283,-1.309097637,3.885615573,-3.221937059,0
12.82241715,0.564605477,-3.695540599,-0.135558525,-3.267755823,1.73674504,0
3.482382592,0.428931891,-0.382526913,0.390691789,2.12144524,1.599451059,0
13.68011859,-0.742131244,-3.588679952,0.391410967,-2.947456788,2.669343915,0
3.47926153,2.161171886,-0.09510046,-0.050043597,0.500341561,0.969590817,0
5.418367794,0.004348675,-3.208516726,0.750751402,-2.426013524,3.707879228,1
6.118047884,-0.697066515,-2.598893962,0.290195407,-2.572981409,1.983388148,1
3.059268451,0.417882549,-0.208594306,0.078885168,0.136343127,0.842595784,0
2.719080263,0.539562833,-0.557811036,0.205723276,-0.148605723,1.410654463,0
3.880654639,0.896243538,0.377845174,-0.703250391,0.566780071,-1.180752188,0
5.626732595,0.640346657,1.370974209,-0.318082939,2.564383782,-0.263625858,0
4.756569636,-0.252607896,1.157739022,-0.343550889,4.54574244,-0.0546775,0
15.88981863,-2.601069996,-2.081237651,-0.444238922,-0.832018337,-0.128124385,0
15.19336719,-1.872825173,-2.326966759,-0.236381827,-1.729963734,0.766480652,0
14.92858102,-0.631790429,-3.353037901,-0.157612588,-2.407068716,1.83033186,0
2.807547767,-0.258243519,-0.822486523,0.236880002,1.067223942,1.552904784,0
0.640645778,1.86084064,0.585679877,-0.70459429,2.391921013,0.092354059,0
7.328738701,-0.834583111,-0.535122154,-0.550578996,0.469736395,-0.617781111,0
7.939216706,0.403273493,0.227467703,-0.618584681,1.077565968,-0.207759876,0
0.596578977,-0.221942091,-0.862797025,0.52190624,1.19544861,2.48582565,0
1.36210951,1.35765104,1.400705822,2.327918493,4.231132369,-2.803774426,0
2.247701949,3.50231103,7.924597733,2.740025681,-1.27757449,0.364875479,0
1.862481684,3.578600203,6.722547756,2.801118347,-0.985434367,1.560826325,0
2.048907635,3.541454234,7.30717352,2.771900179,-1.129126493,0.980153652,0
2.534727202,3.445196084,8.81011153,2.692548197,-1.486842362,-0.521538927,0
2.06936345,4.244254438,7.65262396,2.087063472,-1.425822674,-0.587024451,0
2.158535033,3.873730608,7.788598638,2.413682679,-1.35251237,-0.111012953,0
2.383020877,2.936785717,8.131057647,3.23481414,-1.160610601,1.086961749,0
-0.0332928,1.621870691,5.584472237,2.407696973,-2.697801592,1.172540018,1
0.623553465,2.372089417,6.275150368,2.558069039,-2.454864294,1.035967938,0
1.174892091,2.844688575,6.843151409,2.643196647,-2.126806185,0.848335172,0
3.011373425,3.82926534,8.679971486,2.771817707,-0.557874476,-0.041660398,0
2.453530906,2.838209447,7.35240691,2.25504859,0.320577633,0.010924495,0
2.637492257,3.658762471,8.767140454,2.055760204,-1.928762001,-1.338029356,0
2.501047047,3.602432119,8.469148472,2.298685305,-1.694789286,-0.733973889,0
2.367054153,3.548751001,8.179724524,2.533677047,-1.471337585,-0.14912374,0
2.105904717,3.44882727,7.624749924,2.981543435,-1.053829546,0.967030545,0
3.085510667,4.257157256,11.04640077,4.068443476,-3.0755304,0.462507743,0
1.379178101,2.726285736,4.703371741,1.373524948,0.570408898,0.270433341,0
2.06936345,4.244254438,7.65262396,2.087063472,-1.425822674,-0.587024451,0
2.118830764,3.218107259,8.421280608,3.033235902,-1.807356754,0.397941624,0
2.02893923,3.020244038,8.767416644,3.23748052,-2.176496224,0.42087184,0
1.965527241,4.380406587,8.669980909,3.378609799,-3.407047131,0.832841265,0
1.789834393,2.492393862,9.690710002,3.782245589,-3.159517417,0.482332069,0
1.527246689,1.911710415,10.70634839,4.381508181,-4.239657703,0.550238647,0
1.801934016,3.294194339,7.414335308,2.472799474,-0.319542932,0.357888889,0
1.758648184,3.040885716,6.727856856,2.172047561,-0.239187935,0.335123386,0
1.779445965,3.164177055,7.061339006,2.318100298,-0.277182666,0.346043366,0
1.826311894,3.431487682,7.788571935,2.636904205,-0.366791369,0.370743512,0
1.85252245,3.576477306,8.18495814,2.810841985,-0.418785478,0.384663694,0
2.082551494,3.058213993,8.104698103,3.147896824,-1.529770927,0.422326797,0
1.92873801,2.648502314,8.270309526,3.525218442,-1.766325007,0.474763413,0
1.771372799,2.232345243,8.439906311,3.91076428,-2.011501134,0.528050152,0
1.781385659,4.934963801,9.13470262,3.7805593,-4.762385218,1.128197658,0
1.609843114,1.808690315,8.611381952,4.303716399,-2.264206829,0.581871516,0
1.665142172,5.278086294,9.42013892,4.028829333,-5.605381407,1.310806438,0
2.395504301,2.306471822,7.680816952,2.357138666,-0.02287219,-0.05836301,0
2.323774876,2.929247633,7.814298795,2.557636632,-0.669234504,0.160193071,0
1.006972926,4.285442082,5.78500891,2.773788364,-2.748071244,1.652012505,0
3.306478219,2.838612105,9.647780412,2.678553911,0.042710281,-0.76134599,0
-1.310111496,4.517205228,-1.351389871,-2.136540893,-0.338518795,-0.668902902,0
-1.412056398,4.228258708,-1.34429684,-2.210228678,-0.324411606,-0.779276874,1
-1.186930248,4.793901539,-1.339260472,-2.066885553,-0.319198083,-0.582996947,0
-0.827729064,4.866292675,-1.054124719,-2.062945811,0.149630932,-0.755036034,0
-0.759355632,5.010177069,-0.93944574,-2.29583536,0.25417808,-1.192637991,0
-0.572291744,5.059819118,-0.685462002,-2.568641087,0.58476039,-1.770837585,0
-0.679045129,4.918871077,-0.800799544,-2.663424237,0.229924812,-2.07253582,0
0.23721542,1.610118408,0.85519157,-0.531925963,1.085619091,-0.692989375,0
-0.714000764,1.029120961,0.186699557,-0.425183407,0.089721603,-0.134514063,0
-1.175355905,0.651565068,-0.095126691,-0.38331134,-0.316617171,0.09479429,0
-0.445899107,2.049389164,0.272626201,-0.399943127,-0.135897287,-0.171465252,0
0.02111307,0.697526834,0.769683884,-0.555648769,1.295012955,-0.659858241,0
0.220474957,0.040376627,0.997160215,-0.631649635,1.958991418,-0.886973013,0
-0.295587617,1.142961195,0.958926292,-0.232323347,0.16704979,-0.395918367,0
-0.389567653,0.912062552,1.404293234,0.027058688,-0.281824525,-0.36813493,0
-0.209822774,1.367717677,0.5334642,-0.479620063,0.600499727,-0.422267983,0
-0.209822774,1.367717677,0.5334642,-0.479620063,0.600499727,-0.422267983,0
-0.276121625,1.076930346,0.444771095,-0.627073185,0.249605129,-0.956695654,0
-0.353155553,0.799480549,0.354785728,-0.773813675,-0.099217146,-1.486563625,0
-0.144688074,1.51550141,0.462237281,-0.544636128,0.788361697,-0.447153611,0
-0.323169201,1.108819525,0.658268718,-0.365732288,0.270452332,-0.377887458,0
-0.455678602,0.805223523,0.807568398,-0.234876729,-0.109467026,-0.322937135,0
-0.06177053,-0.34949372,1.286723534,0.057847633,-0.455789165,-0.118316589,0
-0.154899425,0.898676769,0.517531388,-0.178917996,0.736497186,0.102499365,0
-0.253806211,1.86366751,0.543840862,-0.797725373,0.453753065,-0.979994083,0
-0.31652178,2.392208118,0.562126125,-1.138472279,0.302007074,-1.574545142,0
-0.469461674,1.298554588,0.340763147,-0.350018269,0.233129712,-0.515325666,0
-0.743653872,1.225281397,0.15631053,-0.222699023,-0.139737286,-0.607611554,0
-0.15499997,1.288392178,0.690988139,-0.598810067,0.580899414,-0.830364334,0
-0.262977164,1.444381348,0.381457891,-0.364680224,0.619065202,-0.028813455,0
-0.093727367,1.078941588,0.582440996,-0.062889889,0.870884599,-0.014921236,0
-0.33189634,1.672995802,0.481402282,-0.91898059,0.314374283,-0.851583812,0
0.908640882,0.110199497,1.959618946,-1.014293763,2.663245884,-2.166761978,0
0.344748094,0.787264381,1.21686454,-0.733642027,1.592052289,-1.246321106,0
-0.719258648,1.907191485,-0.097891476,-0.241629345,-0.312781241,0.332448495,0
-0.287802141,0.978961851,0.292307678,-0.266411629,0.887343496,-0.309688451,0
-0.123814835,1.796235926,0.807653253,-0.718170746,0.281288621,-0.543298537,0
1.589816353,0.9134737,-0.171117525,-0.462302541,-0.102772396,-0.344549132,0
-0.135012813,1.599760651,0.389758508,-0.722867901,0.756745107,-0.459510166,0
-1.223910564,1.859583128,-0.524707371,-0.548760305,-1.561515422,-0.052291365,1
-0.685990342,1.603890566,0.042185741,-0.511671481,-0.40383634,-0.251482528,0
0.275702966,1.121793231,1.031089537,-0.447409319,1.62011238,-0.598532965,0
-0.321959115,1.316570385,0.278971512,-0.394882465,0.751008374,-0.112831417,0
-0.092368852,1.423651853,0.80330049,-0.569375908,0.440248919,-0.751390277,0
-0.7446806,4.859056704,-0.872523171,-2.707521,0.028959336,-2.210335462,0
-1.201811923,4.615527599,-1.185678496,-2.388634238,-0.151796869,-1.169027096,0
-1.374412199,0.446824482,-0.22262619,-0.365130336,-0.487002593,0.186634326,1
-0.089602401,1.031875371,0.650343159,-0.517507613,0.950548021,-0.544552109,0
0.118146811,0.36934679,0.885264748,-0.594398051,1.630431499,-0.776391375,0
-2.01788528,-4.56826198,0.901891632,-1.041053437,-0.308123108,-3.984550043,0
-0.364848401,1.0149831,0.702779404,-0.324524978,0.151891407,-0.362107645,0
-0.08353641,1.180244935,0.893488956,-0.748971137,0.55230082,-1.334108813,0
-0.303332044,1.508319025,0.25884579,-0.275978798,0.633726546,0.272287401,0
-0.48783726,-2.225652318,0.766599194,1.282953245,1.358084142,2.991467951,0
-1.551682885,-2.262927615,0.609763,0.667788212,0.799828709,1.127927448,0
-1.456940688,-2.432516091,0.690309697,0.620857949,1.020151333,1.01415613,0
-1.522059093,-2.737600661,0.988738263,0.552250742,1.032865753,0.780229792,0
-1.621083167,-2.145755982,0.58380134,0.751856904,0.796688073,1.565385904,0
-1.44881898,-1.978143224,0.694132466,0.763132595,0.943435977,1.529804287,0
-1.57180766,-2.826964104,1.049121934,0.508464073,0.871100846,0.559485241,0
-1.335591836,-2.574951421,1.19419525,0.528539031,1.060153739,0.530471039,0
-0.860443236,-4.314039468,0.887118037,-1.18617651,1.227743008,-4.276382074,0
-0.950017769,2.16966013,-0.399364243,-0.126176622,-0.741251368,0.684437062,0
-0.255135542,1.230457861,0.616700513,-0.332119108,0.506003145,-0.402448264,0
-0.314828708,1.041298325,0.734903974,-0.134176393,0.376643026,-0.371568649,0
-0.936655121,1.729890807,-0.245239346,-0.529010353,-0.980394328,-0.15197856,1
-1.427480511,4.435134217,-1.527445363,-1.888099903,-0.544173921,-0.170781312,1
-1.160154036,4.4659121,-1.121437014,-2.430031763,-0.078432509,-1.14934475,0
-1.470089768,4.580366193,-1.594521681,-1.839483741,-0.620259199,-0.177298316,1
-1.495431978,4.033494565,-1.466744588,-2.074133551,-0.540411368,-0.594171023,1
-1.496729101,3.912116283,-1.460931148,-2.136825742,-0.613108646,-0.803195749,1
-1.498033129,3.790746616,-1.455035418,-2.19948017,-0.685634462,-1.012114468,1
-1.29648134,4.211086316,-1.337918814,-2.197060524,-0.184272778,-0.77063559,0
-1.39700482,3.918313299,-1.329239616,-2.272085697,-0.166899827,-0.884589399,0
-1.177583022,4.492277243,-1.3299189,-2.125647843,-0.172532748,-0.678753493,0
-0.823942691,4.572393532,-1.050279337,-2.119885417,0.284994808,-0.84389352,0
-0.754964472,4.71276137,-0.934943946,-2.354733407,0.392569044,-1.285215413,0
-0.566845955,4.760423651,-0.680047306,-2.629689362,0.72594382,-1.867650655,0
-0.672890322,4.615515188,-0.79435375,-2.724974563,0.373306632,-2.171624564,0
-0.738259305,4.553480492,-0.865608824,-2.76931026,0.173449394,-2.310507843,0
-1.188521434,4.306235512,-1.172366771,-2.451106591,0.003906994,-1.273966697,0
-1.413858112,4.132112081,-1.514109892,-1.946687363,-0.391771447,-0.269130909,1
-1.146753619,4.161870095,-1.108081976,-2.491805761,0.074378425,-1.252488272,0
-1.456687907,4.272225985,-1.581344453,-1.89865247,-0.465200583,-0.277164003,0
-1.479179125,3.724876014,-1.450598493,-2.134809382,-0.382606965,-0.698587231,1
-1.479993522,3.60221022,-1.444199089,-2.1977987,-0.454452528,-0.908895834,1
-1.480816024,3.479543041,-1.437716981,-2.260749688,-0.526122558,-1.11909674,1
-3.177269739,-2.719540037,-0.503235488,0.927439094,-2.000236512,1.197095999,0
-0.70186314,-2.807901404,1.807314822,1.185748747,0.075778997,-0.456081385,0
-0.763920269,-2.057604682,1.244384387,0.280415622,0.171918507,-1.073012389,0
-2.651299627,-6.969628923,1.327098475,-0.061716249,-1.312339631,-2.997297787,0
-0.870823526,-0.876563275,1.344464344,0.229467339,0.923315046,-0.235389835,0
-3.566860651,0.16261893,-1.450349105,-0.324770109,-5.129786991,-1.803798299,1
-1.51315976,-3.55842429,1.304453748,-1.610222736,-0.54766611,-5.08242253,0
-0.855960778,-3.531576755,2.270132066,0.977022642,1.361374819,-1.074152165,0
-4.025815422,-1.5692987,-2.050772729,0.138649297,-4.770144007,0.094077102,1
-2.217828953,-0.113852968,-0.620387323,1.459453826,-1.293767248,2.52513316,1
-1.167376919,-3.594845288,0.716794867,0.321332781,0.616447224,-1.068753096,0
-2.839782867,-1.700851897,0.296530724,0.666578208,-2.621393771,-0.39272336,0
-2.077261665,-0.963520425,-1.02500896,1.266125775,-2.292777735,1.054695702,1
-0.426532909,-3.142010781,0.491760381,-0.297336131,1.590325178,-1.855482898,0
-2.821284464,-1.548400752,-0.921342057,0.13349804,-4.231297734,-1.311649815,1
-1.239022585,-2.467762245,0.946332455,-0.570697227,0.033313064,-1.594339554,0
-2.988837736,-1.29125043,-2.078212552,0.584830654,-2.729594363,0.97946212,1
-1.714975473,-2.599979272,-0.331285143,0.095241575,-1.897089078,-1.763939141,0
-1.213152901,-2.062313356,0.334701058,-0.414476692,0.620052393,-1.752555014,0
-2.385704955,-7.290569676,0.377049749,0.142370624,-0.877539575,-3.22601171,0
-0.760237581,-2.866613836,1.101385253,0.48550947,0.989511691,-1.206813725,0
-2.380843008,-3.873975591,-0.116108821,0.943832002,-1.092499049,0.418809405,1
-2.257863722,-0.97766191,-0.333701378,1.391735602,-1.976040921,1.413584922,1
-3.475423127,-1.957961721,-1.597910918,1.053112166,-3.157197224,1.553896949,1
-2.833394854,-0.25010963,-0.764312262,0.128808251,-3.369692298,-0.559517543,1
-3.013352648,-1.526398065,-2.016485686,0.327514784,-2.288449406,0.933723641,1
-2.376821411,-2.346363551,-0.643444656,0.024713634,-1.157269,0.318129175,0
-2.088258716,-2.407369213,0.264781442,0.200156673,-2.284877789,-1.35384933,0
-2.725266745,-1.335006411,-0.606083211,0.466193586,-3.110316102,-0.214415463,1
-1.090452941,-3.391754909,0.896117606,0.045648094,0.508807163,-1.160690965,0
-2.462037724,-0.631496978,-0.827619559,-0.228416594,-3.339876611,-1.758832011,1
-1.156157517,-1.64300217,-0.26873809,0.729346713,0.124037929,1.17166191,0
-1.938041114,-2.778723,-0.22984228,-0.310787342,-2.217665476,-1.816908414,0
-1.345270137,-1.194106308,0.253937038,0.386754342,-1.341050832,-0.622725566,1
-1.533752875,-0.609169507,0.668304971,1.768452775,-0.848336142,1.403886244,0
0.275315496,-4.3616039,1.931292937,-0.320974507,2.097944778,-3.865525315,0
-0.572090293,-1.791387141,0.89660666,-1.375179209,0.222888839,-4.04150494,0
0.584073432,-3.063817723,1.653724512,-0.180722702,3.576834243,-2.053109621,0
-1.011524416,-2.554364848,1.12866083,-0.051868365,-0.653553131,-3.794149833,0
-0.899098046,-2.055612635,0.769499966,-1.081948238,-0.088960791,-4.63526132,0
0.208507186,-3.408377607,1.932757955,-0.557304553,3.099210435,-2.758350456,0
-1.738930526,-2.256740891,-0.18395794,0.215848051,0.296518142,0.207379194,0
-1.682403051,-0.675025842,0.107090885,0.491976973,-1.530655859,-0.073143719,0
-1.825041332,-0.973089341,0.165739547,0.532115144,-0.281199993,1.065470999,0
-1.447713682,-1.861919675,0.740912746,0.35914351,-0.26347843,-0.435562021,0
-1.797107058,-2.60802154,0.097748,0.398796251,-0.197763417,-0.003765094,0
-1.900462012,-2.652050319,0.022446124,0.449151452,-0.420489214,-0.036611983,0
-1.677497377,-3.424813721,0.238041253,0.171198502,-0.078558163,-0.887305988,0
-2.139230304,-3.145775753,-0.020374384,0.505165024,-0.633473487,-0.511810406,0
-2.043486209,-3.131216491,-0.02625502,0.560442912,-0.344216367,-0.247196134,0
-2.071906232,-3.156012474,-0.147641602,0.306557771,-0.724580738,-0.391618293,0
-1.6453852,-3.64945766,0.392877324,0.154113633,0.140963374,-0.974020871,0
-2.467571156,-5.737530297,0.345495827,-0.463500929,-1.379200086,-3.756574749,0
-2.166984183,-2.901019708,-0.143814525,0.46158871,-0.807526768,0.014002794,1
-2.359619302,-3.311679866,-0.166135972,0.381587287,-1.160206892,-0.681501781,1
-2.073012136,-3.550500871,0.093418115,0.354486829,-0.487760089,-0.743811154,0
-2.128853546,-3.953028223,0.161931514,0.208047418,-0.619379802,-1.254434701,0
-2.073012136,-3.550500871,0.093418115,0.354486829,-0.487760089,-0.743811154,0
-1.803151743,-3.545348965,-0.03153556,0.212502336,-0.320192273,-1.088964893,0
-1.540206856,-3.540967237,-0.148765649,0.075156406,-0.154837069,-1.424686266,0
-2.256618673,-3.000247161,-0.63497017,0.39805261,-1.199083528,-0.357557935,1
-2.029706556,-3.853478718,-0.506784495,-0.088340339,-1.264250858,-1.917018472,0
-2.116656078,-4.028562956,0.072947288,0.290532127,-0.367084444,-0.853769285,0
-2.506655124,-3.014410537,-0.493466819,0.536654352,-1.332916798,-0.027995393,1
-2.38950919,-3.321730118,-0.011958227,-0.149496382,-2.298474676,-2.329278231,0
-2.256332235,-5.874871903,0.399802568,-0.732943024,-1.390804482,-3.991358037,0
-2.169059612,-5.040853646,0.163566313,-0.390420702,-1.158901583,-2.753617467,0
-2.175922163,-4.641376688,-0.076887917,-0.119244643,-0.900426996,-1.69698834,0
-1.361139952,-3.155274428,0.563187527,0.675997334,1.447688335,0.801829082,0
-1.200678011,-3.173025964,0.600235844,0.651872328,1.807629386,0.879336038,0
-1.258704991,-3.525483122,0.903546901,1.102499327,1.644615633,0.962014308,0
-1.838672501,-3.284206179,0.196918011,0.79481745,0.669812041,1.075489891,0
-2.074911404,-1.542310978,-0.313806588,0.859473644,-0.482206346,1.473700773,1
-1.369295402,-1.084703446,0.213215164,0.665575497,0.35560735,1.166038409,0
-1.784289204,-2.490329491,0.082001352,0.426710551,-0.237612063,0.014765577,0
-1.940778417,-1.892586202,-0.144660549,0.784809487,-0.135138365,1.249160954,0
-1.788683275,-2.599810122,0.081504631,0.411219926,-0.201455556,-0.013323444,0
-2.158802612,-2.948841345,-0.134458284,0.24370922,-1.152158498,-0.674762002,0
-1.625398579,-1.626431007,0.104474842,0.977645217,0.744685225,1.811604575,1
-2.121498818,-1.718697551,-0.22257421,1.077174357,-0.10267301,1.979596389,1
-2.388743981,-1.962785422,-0.408253505,1.087155685,-0.398141629,2.089053325,1
-2.362034681,-2.008331658,-0.385014246,1.07293572,-0.334231776,2.056992559,1
-2.502110368,-1.877007815,-0.552915449,1.11724695,-0.602799775,2.226267213,1
-2.359605426,-1.953610765,-0.384569347,1.08034756,-0.352488199,2.069947319,1
-2.355234269,-1.844442383,-0.384090035,1.095178005,-0.389678033,2.096079634,1
-2.469389827,-1.90505492,-0.46776616,1.105472925,-0.530143842,2.151932511,1
-2.794313263,-1.561863415,-0.906549263,1.329172832,-1.153838057,2.792648242,1
-2.762249323,-1.683957942,-0.802354797,1.268261503,-1.080087454,2.632601963,1
-2.72262712,-1.802377723,-0.714538402,1.223571079,-1.015218889,2.458912879,1
-2.675342349,-1.916999625,-0.643464414,1.195459015,-0.959405395,2.271416694,1
-2.643593225,-2.044981976,-0.536709577,1.131897631,-0.88513902,2.104280381,0
-2.605341113,-2.167435774,-0.447669174,1.085469876,-0.822666029,1.924553465,0
-2.567581861,-2.291376352,-0.35818957,1.038424643,-0.761008554,1.742682879,0
-2.791399275,-1.451533171,-0.907519532,1.343817539,-1.19390635,2.819297267,1
-2.639314826,-1.931312394,-0.536672876,1.147405492,-0.924480942,2.131888535,1
-2.75869967,-1.573249688,-0.802844438,1.282993484,-1.119306407,2.659140472,1
-2.67865027,-1.810641376,-0.625811538,1.19317295,-0.988636008,2.309635866,1
-2.718458175,-1.69130663,-0.71452953,1.238364289,-1.053579713,2.485367893,1
-1.873726131,-2.070164467,-0.083207333,0.67523889,-0.12582348,0.819763916,1
-1.928151157,-1.917638441,-0.12213748,0.857214165,0.077570858,1.413562628,1
-1.952281828,-1.939611809,-0.260416763,0.76129767,-0.221718161,1.142341302,1
-2.009203585,-1.688600702,-0.269886527,0.859486019,-0.267217441,1.411251606,1
-2.235139013,-2.478832861,-0.352060098,0.679259687,-0.502491247,0.921142301,1
-2.226351677,-2.258709626,-0.351150548,0.709837898,-0.576291839,0.976208734,1
-2.385120884,-2.174119686,-0.421740305,0.769212669,-1.008268481,0.970396653,1
-2.38914667,-2.285494581,-0.421670399,0.753848223,-0.970375262,0.942180492,1
-2.334135868,-2.28857194,-0.421013328,0.786507039,-0.790423109,1.111784231,1
-2.468990343,-2.039181091,-0.598300943,0.848656398,-1.098858061,1.30611991,1
-2.392313779,-2.035313076,-0.609835988,0.817047774,-1.024480409,1.242417568,1
-2.338326647,-2.138744348,-0.437692304,0.906613327,-0.622439132,1.521455233,1
-2.313566209,-2.024373584,-0.629575687,0.788744629,-0.94939171,1.177192837,1
-1.601251151,-2.10708554,0.18728004,0.881525117,0.932807487,1.552245995,0
-1.883643033,-2.198067554,0.026715534,0.92473376,0.444850068,1.58453276,0
-1.889925932,-2.305805862,0.024439142,0.909996373,0.478328817,1.559551656,1
-2.106916134,-2.325281997,-0.141392695,0.965066988,0.119546959,1.689035093,1
-1.566637877,-1.900369934,0.045408905,0.704484172,0.587958784,1.17158407,0
-1.605246648,-2.739623874,0.318562976,0.48918279,0.500603949,0.31805552,0
-1.536999601,-2.672660058,0.392548153,0.535029926,0.696580177,0.45404292,0
-1.869803912,-3.279396869,0.276176857,0.400005567,-0.075626755,-0.719933975,0
-1.941733684,-3.239162121,0.240346849,0.491377118,-0.095184139,-0.596076329,0
-1.641491598,-2.865890605,0.231469902,0.336880367,0.187347697,-0.152917156,0
-1.49547753,-3.100571116,0.350778607,0.273690242,0.54742139,-0.295208077,0
-1.786605352,-3.0166667,0.128118185,0.359647647,0.037292606,-0.045874647,0
-1.884199752,-2.516127548,0.279054954,0.8164275,-0.035009818,0.70439277,0
-2.002792411,-2.948938577,0.159485921,0.728401453,0.128576856,0.220484754,0
-1.846358089,-3.410871815,0.389535861,0.60879432,0.119422165,1.232760911,0
-1.785323509,-3.453973429,0.461201212,0.639787063,0.347274489,1.345183409,0
-1.725621515,-3.495863619,0.531670746,0.671075725,0.572821482,1.459143998,0
-1.973321569,-3.472208249,0.458522311,0.546227669,-0.00451601,1.069214767,0
-1.747303432,-3.832662012,0.63712752,0.435745247,0.207851319,0.588118757,0
-1.916855122,-3.758354769,0.335686386,0.424144011,-0.200377611,0.645013229,0
-1.773951485,-4.22644993,0.48504068,0.279358852,0.057025161,0.187659286,0
-1.947354996,-4.537018516,0.430112628,0.131256768,-0.158263492,-0.165606967,0
-1.875107553,-2.193844495,0.061298317,0.901487288,0.013043147,1.138854864,0
-1.916326856,-2.874741446,0.283581228,0.652479313,0.146749467,0.066092416,0
-2.219414616,-2.576293183,-0.012336734,0.819440733,-0.423110534,0.26126632,0
-1.556108191,-2.573491647,0.041785621,0.317428583,0.037232021,-0.194032387,0
-1.523075683,-1.91035775,0.132059024,0.672665237,0.615563329,1.021814023,0
-0.699929552,0.613820639,-0.656614215,-0.738169248,2.088450367,0.118082306,0
-0.992843936,0.776893687,-0.96869366,-0.8635627,1.212416213,-0.339050185,0
-0.96510595,0.85577594,-0.954292232,-0.746838999,1.585772251,0.158099502,0
-1.284288362,1.037384529,-1.243025404,-0.934305296,0.733041229,-0.262483221,1
-1.097381852,1.623024143,-1.194851519,-0.498699874,1.17178513,0.837231785,0
-1.052330257,1.002271624,-1.113436585,-0.64231617,1.465600615,0.50978466,0
-1.163089759,1.039467168,-1.143698872,-0.810363776,1.258190834,0.185520816,0
-1.339917236,1.215235808,-1.361344776,-0.803056186,0.910148068,0.205509662,0
-1.459975344,1.215377764,-1.460124446,-0.922642497,0.396550347,-0.225770888,1
-1.598392285,1.407851381,-1.68387709,-0.983464877,0.048912992,-0.167866553,1
-1.247997587,1.179910376,-1.297955652,-0.708057183,1.141160754,0.527546389,0
-1.292975978,1.78293241,-1.378256522,-0.567521282,0.852553723,0.847694306,1
-1.467916186,1.935000369,-1.589136859,-0.567469988,0.513578316,0.850651828,1
-1.192263108,2.130923543,-0.472512941,-2.130779383,-1.668942074,-3.934128666,0
-2.504295227,3.834890459,-2.059969089,-1.873840128,-4.574301414,-2.381120183,1
-1.442764743,1.81481602,-0.593267033,-2.179628866,-2.036696513,-4.399676252,0
-1.743836902,2.086888036,-0.872722177,-2.127704555,-2.687412326,-4.33783181,1
-0.662700206,1.237247309,0.054090227,-2.469671019,-0.505940846,-4.417910964,0
-1.637268677,3.065848133,-1.10858258,-2.584195529,-3.131774695,-4.123700069,1
-1.576692018,2.858458364,-0.842229479,-2.777898282,-3.072856558,-4.846208883,1
-2.664397112,3.232982042,-1.953204823,-1.81928931,-4.61133672,-3.229341787,1
-2.630647321,3.104322213,-1.774089388,-1.523677509,-4.573868029,-2.830019489,1
-2.447243679,3.363205457,-1.716798631,-1.443978917,-4.338354021,-2.218381858,1
-2.043484868,3.168649835,-1.491777909,-1.300780369,-3.249662282,-1.614027794,1
-2.596238859,3.652833824,-1.922028947,-1.565949935,-4.760620753,-2.23488287,1
-2.10187265,3.630583305,-1.731489231,-1.504090996,-3.480853594,-1.632815057,1
-2.533668809,3.979552436,-2.096429257,-1.846557824,-4.681508206,-2.311042491,1
-1.93069541,-2.049424776,-1.266803009,0.467655011,-1.521638836,2.343394361,1
-1.408096404,-3.838060976,-0.563304762,-0.001491637,-0.477257637,0.310110562,0
-1.54402276,-3.897985873,-0.698813944,0.014371846,-0.762272107,0.399411253,0
-1.687797263,-3.96163363,-0.839305795,0.031346468,-1.058570271,0.491231336,0
-1.535582593,-2.505009728,-0.169864614,0.614524141,-2.554906152,1.546230904,1
-1.024972608,-4.166932382,0.449557364,0.23127056,-1.508287445,-0.139424521,0
-1.17226654,-4.152016673,0.328756972,0.278163756,-1.957115715,-0.021537664,0
-1.549589761,-2.212406131,-0.499762028,0.271082865,-1.784999899,1.050873924,1
-0.987552597,-3.93782927,0.183652114,-0.101544512,-0.59449638,-0.617086674,0
-1.143380044,-3.913747217,0.044285513,-0.070182648,-1.010246752,-0.520379563,0
-0.269589986,-2.208872492,1.211062206,0.354006446,-1.804277306,-0.04395761,0
0.393484631,-2.751476918,1.7989083,0.249109576,-0.048324931,-0.293853409,0
-0.062591628,-1.799502926,1.233753701,0.512845793,-1.206678021,0.501451817,0
-0.29473951,-0.748812571,-0.273873344,-0.383801367,-0.967677881,0.566291883,0
0.652432637,-1.014572026,0.579087562,-0.211837536,1.587295612,0.836279029,0
-0.575767769,0.446496626,-0.758894777,0.012248118,-1.497642821,1.735243853,1
-0.211920495,-0.195916454,-0.326692527,-0.145673227,-0.683650063,1.23708863,0
-1.434751417,3.462645559,-0.574138011,-1.716144464,-0.691101304,-0.146291498,0
-0.649780817,3.809444885,-1.975858447,-2.413701438,0.457367642,-0.426369858,0
-0.353538581,2.624097734,-1.521551957,-1.945340482,0.185050999,-0.890210681,0
-1.385680432,2.156247625,-0.766424683,0.212262689,0.648878116,2.118156285,1
-0.071384801,1.590179211,-1.772898968,-0.825255266,1.470750968,0.936510059,0
-0.110945346,3.172813712,-1.526514183,-2.318373981,1.503715902,-0.817071527,0
-1.329060311,1.927813276,-0.460531597,-1.668486501,1.445707011,-0.47652912,0
-0.942675228,1.805802563,-0.025072054,-0.509423652,0.47224555,1.267204951,0
-0.007399253,2.638077504,-1.043347565,-1.417284177,-0.078600938,0.18167116,0
-0.222278359,2.333589043,-1.632602037,-1.417457735,0.744450818,-0.279156813,1
-1.446985534,2.05165356,-0.445915799,-0.819207857,0.681473287,1.057197713,1
-1.174119345,1.113576615,-0.174488155,-0.266175085,1.279739252,1.214479264,0
-1.242823862,3.301548619,-1.43446424,-1.382594391,-1.199066351,1.222939007,1
-1.016939891,2.857088453,-2.509178125,-1.481179761,0.15369066,0.58963746,1
-0.303372465,3.161620001,-0.488485248,-0.862935433,0.396461011,1.130416579,0
-0.482670439,2.807058099,-1.370179487,-2.320140869,0.510546474,-0.929894705,0
-0.350474076,3.774142549,-1.554201159,-2.016827681,-0.103273025,-0.41875339,0
-0.324376453,2.672603177,-0.786891155,-0.969873079,0.310548562,0.765853525,0
-0.793592435,1.311159995,-0.325467108,-0.594930116,1.270991505,0.622174414,0
-1.10889671,1.949692245,-0.939510399,-0.109882651,1.103694986,2.055455078,0
-0.862971982,3.311650594,-1.877834638,-2.023904512,-0.179544837,0.083321417,1
-1.320781405,2.497997554,-0.398741291,-1.428790057,0.670485294,0.332273142,0
-0.420169499,0.943694323,-0.732213903,-1.254271362,1.500763578,-0.245272305,0
-0.820220193,2.255778712,-1.328000438,-0.855856986,-0.237055147,0.907302101,1
-1.049828737,2.199093198,-1.77905793,-1.413589895,0.203348184,0.618683759,1
-2.087837124,2.546762308,-1.230424543,-0.870018856,-0.979707607,1.431581062,1
-1.172871762,2.757132141,-1.800992543,-1.314250619,-0.590902217,0.783565231,1
-0.510414397,1.8091391,-1.072793695,-1.057999638,0.725730264,0.845796718,0
-1.922576234,1.453584231,-0.909822745,-1.244745622,-0.343637589,0.284852975,1
-1.691810185,-2.539507711,-0.001560868,0.140483076,0.906831179,1.296276149,0
-1.618270664,-3.138954868,0.43879426,-0.148770646,0.978519892,0.259752991,0
-2.23334236,-1.213666614,-1.054028056,0.597720659,-0.210063426,2.919417169,1
-1.595610109,-2.375742172,-0.139384161,0.309963906,1.257061296,1.926155486,0
-1.675007704,-1.995351123,-0.315539103,0.38298336,0.970252037,2.145339156,0
-2.163735791,-2.130806989,-0.749757421,0.449029567,0.300542376,2.528769848,0
-1.780453959,-2.025448691,-0.410386753,0.398228543,0.827875624,2.228066756,0
-1.884486978,-2.129423632,-0.471405023,0.395439494,0.731342065,2.241343065,0
-1.673078225,-1.925018953,-0.345660851,0.400044165,0.930731523,2.210341054,0
-1.540035939,-2.461731726,-0.184857811,0.286005195,1.356334947,1.900020515,0
-2.029415247,-1.583414847,-0.643893567,0.511158108,0.282747155,2.561519892,0
-1.858944721,-2.346122164,-0.564008793,0.063170423,0.069970028,1.086324425,0
-1.815130185,-2.175735481,-0.481250922,0.242272734,0.481423226,1.696843405,0
-1.793900818,-1.461874606,-0.381196554,0.050893556,0.656354279,1.600413472,0
-1.786927012,-1.777564694,-0.399114507,0.245371374,0.753839797,1.949962613,0
-0.996619889,3.442159253,-0.879958361,-0.722022778,0.270337578,1.786835358,0
-1.212989624,3.701496229,-1.106127093,-0.841316678,-0.198859866,1.798420558,1
-0.993390871,3.457472032,-0.864052815,-0.783962446,0.260096944,1.70425692,0
-1.218703953,3.72011824,-1.092173038,-0.902408609,-0.216693019,1.719158643,1
-1.370738277,3.904625065,-1.252853816,-0.985848322,-0.541859831,1.73020268,1
-0.992164157,3.479980383,-0.851659354,-0.847366974,0.247568082,1.634062489,0
-1.223875472,3.749747619,-1.085955987,-0.968818979,-0.237502662,1.650681957,1
-1.458848351,4.030043636,-1.330877676,-1.090482796,-0.737845319,1.664666943,1
-0.991189343,3.500999723,-0.843939479,-0.905581188,0.228880464,1.551705407,0
-1.310346013,3.865651949,-1.160809931,-1.068347435,-0.433164835,1.576119502,1
-1.550792398,4.156889007,-1.413406298,-1.196989171,-0.946375944,1.606213031,1
-0.997864437,3.520972232,-0.831427125,-0.966260716,0.208727041,1.473380286,0
-1.318177061,3.902828663,-1.164918279,-1.130897285,-0.466366979,1.508379907,1
-1.650454774,4.287199481,-1.502744216,-1.298580805,-1.16876189,1.539134291,1
-1.036512783,3.321790577,-0.836143632,-0.742415287,0.246524098,1.766575653,0
-1.40940194,3.743617662,-1.204540841,-0.952104213,-0.536102443,1.778681739,0
-1.795859107,4.187409184,-1.592273431,-1.168564116,-1.355155463,1.785881724,1
-1.030798335,3.340541623,-0.821693396,-0.806495346,0.24211231,1.685953118,0
-1.334852772,3.676346258,-1.116678852,-0.973582334,-0.3925646,1.695544173,1
-1.648191929,4.035305141,-1.428186917,-1.148100057,-1.049855037,1.710396215,1
-1.028374266,3.351450432,-0.802172893,-0.870300624,0.233814435,1.600066565,0
-1.336429029,3.702170982,-1.110085158,-1.038212185,-0.412282876,1.619147806,1
-1.576474616,3.970569345,-1.343808316,-1.168618643,-0.911719739,1.630460656,1
-1.03080244,3.363839919,-0.781741704,-0.933242211,0.222790497,1.515254325,0
-1.261746171,3.635004677,-1.022203024,-1.05970461,-0.268800061,1.535628066,1
-1.424813737,3.81742849,-1.180635034,-1.145446938,-0.60259708,1.54734821,1
-1.03024337,3.387417535,-0.772988131,-0.997082977,0.20765321,1.43806337,0
-1.271610627,3.653931743,-1.008776611,-1.123258014,-0.291686074,1.454554984,0
-0.211827553,2.669526103,-0.106779409,-0.816800207,1.946176386,1.114681577,0
-0.563409783,3.078814863,-0.476361449,-1.03590471,1.230452703,1.102310371,0
-1.003288218,3.600133835,-0.948259609,-1.310006491,0.323425421,1.088340069,0
-1.315216022,3.967786224,-1.275911671,-1.504246546,-0.30980643,1.083706666,1
-0.065106605,2.483728165,-0.005322122,-0.787561459,2.336245096,1.194719738,0
-0.423821977,2.895608833,-0.378292482,-1.004715743,1.604557803,1.179833774,0
-0.954314389,3.513273754,-0.93416585,-1.325335336,0.518323634,1.16445796,0
-1.270994422,3.890158428,-1.271855936,-1.521525524,-0.137646399,1.157791822,0
-0.376686966,2.814570969,-0.300680892,-0.769086881,1.632300048,1.298989942,0
-0.720379264,3.217536856,-0.660962518,-0.990594651,0.930416956,1.277332216,0
-1.006493725,3.559690125,-0.966562819,-1.172317588,0.344530652,1.261489397,0
-1.301103226,3.914692428,-1.282748355,-1.365460018,-0.264841201,1.249263105,0
-0.120302805,2.590034101,-0.103544099,-0.72136563,2.249017925,1.397261596,0
-0.476981089,2.995237923,-0.471805554,-0.940246167,1.521309578,1.374709367,0
-1.079659302,3.69816856,-1.107300497,-1.311693801,0.280015374,1.342722963,0
-1.318957737,3.97294346,-1.353624148,-1.461443183,-0.211650701,1.331451463,1
-2.323168592,-2.452939098,-0.662719848,0.58174876,-0.350385575,2.439132589,1
-1.816735359,-2.772926943,-0.266325538,0.449490254,0.521211521,2.009952577,1
-2.156911758,-2.105680349,-0.675473949,0.669577043,-0.195339295,2.700379582,1
-2.40062258,-1.751862949,-0.943571583,0.711137252,-0.792623305,2.83435043,1
-1.819045428,-2.163714242,-0.285308373,0.540997072,0.278688026,2.175023704,1
-1.922285171,-2.084849171,-0.418527575,0.603687187,0.01126052,2.373774419,1
-2.347569417,-1.914487686,-0.743689167,0.691134588,-0.668820975,2.68785032,1
-2.10336033,-2.424279433,-0.418066197,0.517455224,-0.171709655,2.121625371,1
-1.854234998,-2.807000197,-0.137540798,0.47036768,0.448381747,1.966052516,0
-2.418086076,-2.347000579,-0.796326329,0.639004879,-0.602728502,2.634486797,1
-2.504312542,-2.65752521,-0.761105558,0.564024334,-0.489815091,2.44160732,1
-1.523995406,-2.048796756,0.015688605,0.497736664,0.802471887,1.919692715,0
-2.722984353,-2.484193645,-1.103001999,0.688460563,-1.148854284,2.90071455,1
-0.840242105,1.139785215,0.2456051,-0.639428791,1.338146628,0.614255744,0
-0.383188418,1.332325078,0.095132245,-0.370728293,2.853085271,1.214414344,0
-1.035072408,3.39761864,-0.549155923,-0.929394316,1.333263987,1.044564155,0
-0.732542591,0.482213296,-0.077783074,-0.837658288,2.061002576,0.202611162,0
-1.219582096,3.822447502,-0.610791322,-2.055613665,0.639180247,-0.70840189,0
-1.79218261,3.438537831,-1.242340564,-1.097061982,-0.201787281,0.364852157,1
-0.49156373,2.740784218,0.436558079,-1.705777988,2.004139755,-0.485486055,0
-0.692977346,1.656495192,-0.362222855,-1.00125984,2.049691435,0.619320467,0
-0.676927725,3.463505596,0.252785793,-1.682654493,-0.090535359,-0.8086592,0
-0.543031733,1.307911929,0.063015331,-0.306738758,2.110352108,0.674900951,0
-1.879287986,0.947548738,-1.042662026,-0.406806252,0.468095419,1.95957412,1
-1.025191278,3.171931844,-0.446864493,-0.72154497,0.463575585,1.796601219,0
-1.075307153,0.601358078,-0.101229047,-1.614346671,1.941372252,-0.412205694,0
-1.082799557,0.810968092,-0.114868506,-0.273734188,1.331770711,0.89694381,1
-1.567809919,1.819420628,-0.562977141,-0.805208777,0.024432947,1.550092976,1
-1.429476857,2.329265923,-0.534770074,-0.87338649,0.221708248,0.285107299,1
-1.038371609,2.967182087,-0.153418167,-2.043249792,0.419445542,-0.033752278,0
-1.379366925,2.250314908,-0.900609801,0.08791673,0.679206567,2.228305639,1
-1.815731058,4.680319188,-0.86772283,-2.226802161,-0.515012271,-0.414369089,0
-1.15081992,2.290836837,-0.25685371,-0.023518667,0.228611479,2.478140424,1
-2.916724534,2.845973933,-2.233826927,-1.076307007,-1.699201416,1.777036667,1
-1.534136043,2.624609531,-0.928817286,-0.470158408,0.7905389,1.900533943,0
-1.478102178,2.174505957,-0.977749254,-0.712359615,0.216867794,0.797228346,1
-1.448298769,2.525983037,-0.825778541,-1.043445503,1.115284456,0.661738949,1
-1.232351861,2.283598648,-0.503107556,-0.940318417,0.802676079,0.796319705,0
-0.758959432,3.964073979,-5.50578499,9.529140253,1.192944946,-3.650730783,0
-0.930675331,3.871485964,-5.576760633,9.451437047,0.984620567,-3.499843066,1
-1.952942731,3.141663329,-5.86565861,8.80336544,-0.191241382,-2.560016714,1
-2.091849269,3.023169713,-5.930660149,8.77513239,-0.33713271,-2.480535707,1
-2.116663403,4.732255811,-6.780470197,10.03221422,-1.04807798,-2.709928815,1
-0.883478642,1.617289443,-4.451025632,7.749709248,1.915192186,-3.189543693,0
-1.580724828,3.460886172,-5.814654422,9.124776229,0.220441777,-2.933329754,1
-1.569634799,3.576517972,-5.861770073,9.292341946,0.339369309,-2.795654766,1
-1.670404294,2.5510884,-5.407147266,7.734813941,-0.716428532,-3.955156496,1
-1.563836978,3.094105986,-5.826562404,9.325405853,0.328566194,-2.44867616,1
-1.574681244,3.232592574,-5.709575695,9.014148929,0.269573685,-2.570074562,1
-1.600116875,3.667340933,-5.586585103,8.549980656,0.127618214,-3.073811415,1
-1.80877957,3.351743567,-5.859472219,9.032048942,-0.135204816,-2.957016651,1
-2.047521009,3.246811986,-5.927948637,8.9769194,-0.508729441,-3.007723685,1
-1.458063502,3.390750383,-5.905912477,9.787674227,0.189890047,-4.779192544,1
-1.660870776,3.502557168,-5.724157152,8.618819372,0.245114984,-1.631604857,1
-1.735138272,-2.642027576,-0.223103146,0.4648538,0.56580079,2.020231769,0
-1.796038741,-2.204163593,-0.222981733,0.587050085,0.111380392,2.245696081,0
-2.386463854,-2.389438206,-0.788717912,0.585390889,-0.343531872,2.507862307,1
-2.019685107,-3.308859417,-0.276764773,0.358637462,0.647334788,1.807898898,0
-1.864619913,-2.258217942,-0.243769024,0.511766945,0.036409221,2.015704489,1
-2.285785323,-2.578669471,-0.543625397,0.520571194,-0.325828272,2.19534714,1
-2.820106774,-1.661040603,-1.362348691,0.833338699,-1.16395852,3.36473924,1
-2.168060346,-2.396392636,-0.524102147,0.551276571,-0.626641675,2.209795433,1
-2.211524289,-1.700630302,-0.792841824,0.699515308,-0.562983522,2.740751418,1
-2.195865512,-2.13784656,-0.726704477,0.676409019,-0.56718768,2.690856286,1
-2.020385838,-2.448716848,-0.306768212,0.495831187,0.294430492,2.058106027,1
-2.041655474,-1.769859156,-0.594308387,0.699190396,-0.131443858,2.708774948,1
-1.963830643,-2.601955433,-0.519547995,0.558027025,0.337719175,2.441644976,0
-2.552639805,-1.524227064,-1.061929576,0.776739123,-1.127302143,3.013266274,1
-2.914186389,-1.659091232,-1.318848264,0.838573784,-1.669398379,3.263915629,1
-1.523561126,-2.599385294,-0.020363449,0.417421348,0.919222521,1.813135376,0
-0.923054006,2.826880278,-5.445298297,9.684783383,1.609622671,-4.334644415,1
-1.073601467,2.96707571,-5.527894321,9.553139882,1.295248558,-4.012320311,1
-0.968681286,2.978125738,-4.583781965,8.004356909,1.223755482,-2.800083674,0
-0.789508593,2.813754175,-4.167752862,7.572319882,1.516987777,-2.706746009,0
-1.101198673,-1.866149094,0.680053303,0.418523243,1.464030995,-0.011610087,0
-0.99104145,-1.664157668,0.765469254,0.427337625,1.564297862,-0.009185846,0
-0.869289039,-1.910346197,0.871499725,0.36493284,1.865588134,-0.137391763,0
-0.757188249,-2.141382849,0.968902438,0.306134559,2.144769438,-0.256645226,0
-1.113086306,-1.835818979,0.632152843,0.422626712,1.444518068,0.050875044,0
-0.951132904,-2.155819078,0.774098113,0.340375564,1.84221798,-0.118680679,0
-0.876443444,-2.305971071,0.839415489,0.301623008,2.026624658,-0.197610502,0
-0.673880803,-2.721779083,1.016261051,0.193757153,2.53032919,-0.41425035,0
-0.983926203,-1.679190476,0.735235222,0.420850225,1.59415401,0.029931342,0
-0.753578017,-2.561892018,0.981657475,0.238702634,2.322301145,-0.374880136,0
-1.008328437,-1.427828241,0.745372269,0.466747786,1.440071736,0.065251177,0
-1.039686387,-1.77417728,0.728235799,0.420233436,1.528422411,-0.016009103,0
-1.061440978,-1.731597633,0.709300373,0.431165074,1.475156552,0.006330596,0
-1.398978059,3.382972069,-1.348278607,-0.808663668,0.222122435,2.557261604,1
-1.470338733,3.717698809,-1.471743165,-1.030164472,0.330652139,2.509072462,0
-1.048196669,4.932215114,-1.240978207,-1.676455,0.581678309,2.547701892,0
-1.054128413,3.025147202,-0.931057779,-0.902243672,0.925665631,2.185673828,0
-0.985385483,4.69948037,-1.137900794,-1.506829572,0.483697461,2.650223168,0
-1.005779578,5.408666124,-1.139524672,-1.851540752,0.418763337,2.820434861,0
-0.93697211,5.36091132,-1.116184079,-1.7360803,0.362543267,3.093631774,0
-1.124557872,3.342062601,-1.062302674,-1.067747707,0.944978199,2.136206226,0
-0.996348689,2.945042252,-0.887289512,-0.611826918,1.010201676,2.408130854,0
-1.024961873,5.032599765,-1.236678481,-1.747615809,0.577129811,2.493791278,0
-0.926293028,4.865239616,-1.147251804,-1.614037673,0.583972991,2.733701386,0
-1.059516652,3.245055989,-1.035032701,-0.784584159,1.025209646,2.372000657,0
-0.946161459,3.459367772,-0.580775254,-1.023750519,-0.517402666,-0.30325288,0
-0.260511401,1.641391667,0.181994068,-1.429566803,1.282691066,-1.371966256,0
-1.03007142,2.566852025,-0.688428966,-1.583634346,-1.489583027,-2.170288555,0
-0.312013087,0.70653152,0.104510669,-1.99358182,0.379051018,-3.269112237,0
-1.050504681,2.31598715,-0.277299725,-1.285813941,-0.082412426,-0.882893379,0
-0.309215275,0.633138925,0.479526636,-1.66996449,1.712052895,-1.936117145,0
-1.204403293,1.530201963,-0.494721208,-1.814633808,-1.232632883,-2.662780301,0
-0.40272602,-0.190128391,0.317515549,-2.203404941,0.672554901,-3.758550326,0
-0.843662985,0.595283767,0.461479801,-1.696527672,1.05139684,-2.078683948,0
-0.272475453,-0.868573457,1.002357074,-2.019348734,2.486498026,-2.910822791,0
-1.107104355,-0.060572905,0.092577609,-2.184055589,-0.343475093,-3.728970762,0
-0.447802383,-1.557895242,0.715126755,-2.512555276,1.244961024,-4.616956269,0
-1.803982377,4.327085007,-1.632504479,-0.76138813,-2.240951665,0.66266994,0
-1.023368188,2.309122797,-0.728855481,-1.2017286,-0.177263066,-0.518625195,0
-1.789212653,3.321863427,-1.610353012,-1.360604272,-3.025170899,-1.343683479,0
-0.981578985,1.262337506,-0.681418888,-1.803609603,-0.899386488,-2.548515064,0
-2.119419605,3.323415858,-1.551044797,-0.969118645,-2.156836534,0.340370747,1
-1.168988316,1.409549301,-0.548621737,-1.407543033,0.07116287,-0.930169726,0
-2.152942152,2.418214929,-1.617082255,-1.542267263,-3.087413228,-1.602098718,1
-1.147686825,0.467417775,-0.56466985,-1.98343519,-0.75474462,-2.907379259,0
-2.016466427,2.009175184,-1.030118822,-1.284860545,-1.348867262,-0.478797429,1
-1.121331267,0.281312648,-0.13799725,-1.681755325,0.692304701,-1.633226296,0
-2.137437685,1.22624137,-1.225442951,-1.821826933,-2.49111861,-2.315341421,1
-1.16007226,-0.534378162,-0.257831932,-2.222070605,-0.302791152,-3.516444627,0
-1.642357843,0.017353847,-0.074849373,-1.765724935,0.147349424,-1.960913752,0
-1.028069204,-1.438902685,0.496429239,-2.080680871,1.648028628,-2.792048385,0
-1.890155647,-0.618478922,-0.441690174,-2.255714927,-1.273547117,-3.648015523,1
-1.166444821,-2.104622967,0.23178511,-2.575364569,0.417270766,-4.538927817,0
-2.55775081,5.188935306,-2.591661309,-0.520199784,-3.834997404,1.519336351,1
-1.734509667,2.96997596,-1.59237502,-0.985389951,-1.571461315,0.276638419,0
-2.452402897,4.066933135,-2.446133873,-1.157034476,-4.43753668,-0.617500671,1
-1.608062199,1.80927221,-1.427132394,-1.623517937,-2.121007361,-1.877346357,0
-3.198272643,3.132147832,-2.433999753,-0.936163556,-3.641648548,0.88940099,1
-2.032390793,1.143804701,-1.236871572,-1.397950659,-1.063863675,-0.537574301,1
-3.18519566,2.219747685,-2.46247206,-1.521079313,-4.539669597,-1.125239118,1
-1.943309796,0.200652893,-1.196569307,-1.98388348,-1.822591168,-2.589613321,1
-2.349818396,-0.624985243,-0.524103032,-1.859101738,-0.603125311,-1.941360646,0
-1.74042162,-2.048496549,0.032705595,-2.155915064,0.885553378,-2.724638695,0
-2.584520114,-1.232307801,-0.892866194,-2.349291429,-2.058898498,-3.661322558,1
-1.839137655,-2.681751284,-0.209337611,-2.654182496,-0.335089306,-4.506759098,0
-1.86050059,-0.409082264,-1.068693322,0.734265443,1.124565376,3.363720581,1
-0.968135006,-0.067812667,-0.360751213,0.655893569,2.222579789,2.838439279,0
-2.718206638,-0.944317795,-0.785125983,0.8968674,-0.842881112,1.603865981,1
-2.755762244,-1.396912884,-0.941676729,0.507796329,-1.507921568,0.410964101,1
-2.78397351,-1.646478991,-0.986090903,0.26461873,-1.853625205,-0.177955439,1
-2.79787181,-1.906201576,-1.082710847,0.039927718,-2.254255473,-0.866927853,1
-2.246604782,-1.772755508,-0.385821868,0.690637439,0.235568277,1.075958737,0
-2.260788106,-2.256820672,-0.478338373,0.267196614,-0.38053918,-0.084325732,1
-2.258647778,-2.491757587,-0.550178422,0.061809007,-0.704182022,-0.713627152,1
-2.272112185,-2.772562311,-0.585327293,-0.200498251,-1.072541186,-1.387514686,1
-2.177536111,-1.94044887,-0.273518675,0.614995457,0.428945993,1.016625637,0
-2.174504396,-2.40345521,-0.402695597,0.228325645,-0.190477121,-0.187675867,1
-2.17132523,-2.638762535,-0.472317902,0.023894767,-0.510540751,-0.815502154,1
-2.178964638,-2.922110816,-0.508067525,-0.237575453,-0.869368603,-1.48270277,1
-2.084739144,-2.107093888,-0.193991383,0.570720307,0.63827915,0.900925692,0
-2.073432716,-2.571167302,-0.320998228,0.185306127,0.035852798,-0.296886557,0
-2.06904796,-2.811174107,-0.387169773,-0.01352179,-0.289052402,-0.921691497,1
-2.072403619,-3.086937814,-0.416776476,-0.280685257,-0.639613908,-1.591504128,0
-1.714097898,-2.776439667,0.107456665,0.40505957,1.463367243,0.488059948,0
-1.701045786,-3.26041341,0.039426205,-0.016345946,0.896680573,-0.68045822,0
-1.68636768,-3.4972042,-0.01901658,-0.219157667,0.597405403,-1.312808187,0
-1.679779222,-3.761174163,-0.076772606,-0.442271439,0.256832177,-2.02420477,0
-1.78746271,0.271172403,-0.540681012,-0.901428665,0.539114827,1.524382112,1
-1.146459986,-2.448680678,0.114734756,-0.654120701,2.566921639,-0.297859687,0
-2.015204716,-1.799165033,-1.01126973,0.138919398,0.561273263,1.520853875,1
-0.161118457,-0.546337651,-1.251967613,-1.9784619,3.101604489,-0.824151886,0
0.139657116,-1.990963362,-0.562850253,-1.491679663,3.55039127,-0.954068282,0
-0.155087854,-0.902876007,-1.12826819,-2.596633588,3.171734771,-1.240906946,0
-0.690560452,-2.613551671,0.439559919,-0.575168989,3.776682602,0.054066406,0
-1.066232786,-2.444091031,0.389043723,-0.578508068,3.194934976,0.0476003,0
-1.726102786,-1.851095294,-0.653537895,0.172472797,1.725404788,2.057458377,0
-1.747153763,-1.955533059,-0.614115323,0.247134483,1.662201195,2.113755919,0
0.066820423,-0.583396987,-1.182894541,-0.552025797,2.57387389,1.004577596,0
-0.141792044,-2.100014487,-1.098526477,-1.636084524,3.149124313,-0.715612486,0
-1.197851896,-3.149523559,-0.10588391,-0.032530972,2.516661203,0.931987477,0
-0.799558008,-1.626181545,0.33310006,-1.482702885,3.070270289,-1.404195158,0
-1.345423254,-3.0715499,-0.164846262,-0.178521799,2.107514663,0.493798232,0
-1.120362099,-1.755780523,-0.097439073,-1.299843592,1.528352731,-0.931560497,0
-1.042260767,1.033621044,-0.206710515,-0.285897831,1.242082458,1.060472722,0
-0.637371763,-0.25407189,0.078268617,-0.022531949,2.57452148,1.42124937,0
-0.216075279,-0.773788748,0.654394165,-0.549141221,3.440914578,0.030677281,0
-0.856053116,0.45921846,0.075897599,-0.96633414,1.932041622,-0.153677309,0
-0.620714646,-0.339277397,0.502691792,-1.295816532,2.533658765,-1.024823124,0
-0.838479621,0.235312965,0.154749441,-1.251188748,1.942882088,-0.610233341,0
-0.837629223,0.291826208,0.234929725,-1.259490581,1.882150493,-0.62490418,0
-0.807176078,0.969671252,0.064310539,-0.8665528,2.12095889,0.277717391,0
-0.717996524,0.27182314,0.176090624,-0.667376621,2.018529189,-0.059227785,0
-0.983607126,1.044132057,0.021959195,-1.308981593,1.393387982,-0.762778644,0
0.097026566,-1.277021249,1.283324309,-1.249688941,3.65818592,-1.634323333,0
-0.47170504,0.751177312,0.535843729,-0.606559515,1.850344609,0.818211315,0
-0.868645503,0.289386646,0.167235259,-1.188999492,1.971498677,-0.510972543,0
-0.802619851,0.535593477,-0.135374234,-0.942752534,2.292978539,0.283708209,0
-0.233753342,-0.242421647,0.571820316,-0.301045776,2.968387422,0.371634657,0
0.072818385,-0.60804402,1.192780098,-1.388381857,3.792675543,-1.448908897,0
0.068236624,1.068475329,0.948321731,-1.141688739,2.973175432,-0.011946498,0
-1.403242646,1.54067015,-0.641024142,-0.887669178,1.030797934,0.75385958,1
-0.610682223,0.291504929,0.314888693,-0.890907038,2.316736393,-0.079943319,0
-0.610682223,0.291504929,0.314888693,-0.890907038,2.316736393,-0.079943319,0
-0.435189175,0.335842625,0.578400768,-0.855196295,2.409815881,-0.202296554,0
-0.746508458,1.328077725,0.1325127,-0.951417987,1.599718072,0.346835321,0
-0.577883843,0.389688175,0.430285968,-0.773132885,2.067009839,0.125002725,0
-0.657238142,0.619848202,0.373084341,-0.983577239,1.91097164,-0.189490572,0
-0.30192781,0.91040698,0.701594093,-1.151345407,2.132117956,-0.041349313,0
-1.449377353,0.249106751,-0.39804383,-0.796061482,1.38438105,0.902748628,1
-1.585124631,2.079106181,-0.677212957,-0.367422942,0.695514044,1.601792565,1
-1.293762368,-0.359410637,-0.206218102,-1.186116149,2.177565608,-0.01111594,0
-1.377712692,0.889292538,-0.700122757,0.349191111,0.934991804,1.430388872,0
-0.188907109,-0.59411902,1.157908519,-1.564012013,2.527970467,-1.415327127,0
-0.580523321,0.193694638,0.46049732,-1.329005886,2.657208831,-1.883632031,0
-0.281220455,-0.57500021,0.818814641,-1.28668999,4.215626566,-0.865895385,0
-1.669927848,1.646538037,-0.199980732,-0.751751387,-1.051171205,-0.327239361,0
-1.184241059,1.536476731,-0.306475591,-1.035224939,-0.326711018,-0.336024655,0
-0.179557298,-0.209399078,1.160477162,-2.349040235,3.252731875,-2.582591912,0
-0.791227245,-0.097445984,0.898100789,-0.619351897,1.566322988,-1.076233364,0
-1.875429604,2.895272748,-0.55024164,-1.326758862,0.401736589,-0.829284582,1
-1.828797222,3.242187033,-0.196959721,-2.227559539,-0.843641098,-1.02539485,0
0.140805621,-0.135617416,1.757610356,-1.211242418,3.840404769,-1.246597862,0
-1.256962595,-0.267943342,0.236575451,-1.16960506,2.092264377,-1.369707433,0
-0.021246927,-0.437350876,1.113119204,-0.929186112,3.347258146,-2.285085015,0
-3.129354042,1.576214449,-2.072045708,-0.372150907,-0.984097992,1.921705219,1
-1.347950974,0.335041676,0.028114128,-0.611554416,1.089202747,-0.422379495,1
-1.123755857,0.671563338,0.104226954,-1.02727868,1.474710185,-0.489415393,0
-1.123755857,0.671563338,0.104226954,-1.02727868,1.474710185,-0.489415393,0
-2.088919649,-3.066745585,0.049081855,0.093218941,-0.892720823,0.547770263,0
-2.16698508,-3.043858075,0.3994196,0.411167336,-1.71019229,1.197060434,0
-2.18292345,-3.276241035,-0.202458875,0.257988106,-0.27751201,1.245071205,0
-1.670588853,-2.334028621,0.183556579,0.450564839,-0.668771826,1.327892971,1
-2.521110423,-3.254514445,0.430563946,0.268481372,-2.67132782,0.61170759,0
-2.384506532,-3.020213567,-0.368034913,0.293313582,-0.513108808,1.573175353,0
-1.751156302,-1.968021111,-0.197373925,0.274998481,0.272288205,1.346651887,1
-1.817198013,-1.607680562,-0.319518135,0.056180507,0.008750127,0.860270842,1
-2.033985736,-1.590963728,-0.56954945,0.421383028,0.520275807,2.266986955,0
-2.414670112,-2.878947911,-0.588397846,0.084456093,0.072862401,1.311943406,1
-1.940140687,-2.199821398,-0.005122758,0.581689511,-0.581681802,1.95034849,0
-1.884524969,-2.226970902,-0.104210589,0.2398137,0.02998738,1.375569317,0
-2.302990674,-3.281319829,-0.061859134,0.400353509,-1.142043284,1.417498014,0
-2.161234255,-2.967130141,-0.417154455,0.262084877,0.011978152,1.45046752,0
-2.370842383,-3.869537062,0.372188985,0.077074995,-1.927749315,0.19764991,0
-2.105498884,-3.262648689,0.204514571,0.595183026,-0.867076529,1.874025235,0
-2.17145014,-3.319371583,0.5021655,0.160320803,-2.450900659,0.023735986,0
-2.071817402,-3.2043666,0.360510651,0.131762643,-1.641113711,0.294254594,0
-2.299432814,-2.811336978,-0.455968188,-0.045369608,-0.568262661,0.590879072,1
-1.963482055,-2.543043285,0.531615049,0.642796749,-1.740731907,1.512624017,1
-0.98339209,-3.15615729,1.500561633,-1.57627218,-2.657691635,-3.100586788,0
-1.083490355,-3.734325466,2.204896684,-1.441202444,-2.868397624,-2.918267478,0
-1.096112729,-3.87954554,2.613697353,-1.934612067,-3.363052463,-3.626697383,0
-0.627998463,-2.668305831,1.694833823,-0.929066808,-1.650840333,-1.67541481,0
-1.467111344,-3.302874582,1.256886117,-1.007232382,-3.053151168,-1.766198023,1
-0.491539869,-3.1121074,1.736039311,-1.188078321,-0.914408355,-1.768622728,0
-1.513291278,-3.360057805,1.004744893,-1.08279248,-2.959149013,-1.828219485,0
-1.621345985,-2.65002923,0.609948452,-0.827615553,-2.666146812,-0.554880266,0
-1.432705906,-2.719931415,1.041281708,-1.063649243,-3.045178108,-1.301474509,0
-1.582617148,-2.301163361,0.866177948,-1.079108435,-3.696637258,-1.790956358,0
-1.119604226,-1.989777678,1.056078461,-0.797602763,-2.835629849,-1.074687263,1
-0.989858711,-2.922330503,1.874860018,-1.570030858,-3.274998941,-3.25026662,0
-1.820360345,-2.96421528,1.603397376,-1.388976358,-5.259633395,-3.050916701,1
-1.316025171,-2.185759381,1.322917708,-0.965293303,-3.160688897,-1.30179039,0
-0.778497434,-1.991891214,1.448225079,-1.077804205,-1.941384108,-1.259053481,0
-2.1017774,-1.971692381,0.361193219,-1.103382103,-4.483612929,-1.150234427,1
-1.066076094,-4.56543606,2.046953139,-1.759044578,-2.733023573,-3.596349008,0
-0.595708847,-2.894465828,1.385618522,-1.465946269,-1.727817206,-2.577301864,0
-1.509080652,-2.148929734,1.317855023,-1.28002611,-4.015240675,-1.777991084,1
-1.253351574,-2.962201994,2.002000685,-1.362729874,-3.777042929,-2.517462922,0
-1.911254016,-2.990057297,1.472696367,-0.843623213,-4.50489639,-1.242269132,1
-1.416821152,-3.882389548,2.078704921,-1.482329345,-4.121694181,-3.194395743,0
-1.727916335,-3.321937986,0.823479229,-1.413803425,-3.766186449,-2.141185361,1
-1.192630318,-2.424548228,0.900684034,-1.02837034,-2.599722486,-1.395322294,1
-1.992937631,-2.131541838,0.468549058,-0.773072469,-3.964019868,-0.23592062,1
-1.230462417,-3.12802675,1.978210954,-1.487410142,-3.656262144,-2.570130028,0
-1.210712827,-2.704701813,0.813630722,-1.10714421,-2.368261606,-1.293827336,1
-1.304014482,-2.625631671,0.653957956,-0.549308407,-2.111347212,-0.156044735,1
